Search Term;Requested;Response;Scan Date;Detections;Total;Permalink;AVs;CVEs
b3ff78d2956b3f056f9d894b2cb257002fcf89b1f5eaf164ed926c758a8de6a4 ;1;1;2017-03-31 15:06:44;0;56;https://www.virustotal.com/file/b3ff78d2956b3f056f9d894b2cb257002fcf89b1f5eaf164ed926c758a8de6a4/analysis/1490972804/;;
b11b8c2c4c6ff3e8b36d2da124b71e4a7d0db2144932abcf7d54051e699cd441 ;1;1;2017-01-16 10:21:45;0;53;https://www.virustotal.com/file/b11b8c2c4c6ff3e8b36d2da124b71e4a7d0db2144932abcf7d54051e699cd441/analysis/1484562105/;;
b3ff78d2956b3f056f9d894b2cb257002fcf89b1f5eaf164ed926c758a8de6a4 ;1;1;2017-03-31 15:06:44;0;56;https://www.virustotal.com/file/b3ff78d2956b3f056f9d894b2cb257002fcf89b1f5eaf164ed926c758a8de6a4/analysis/1490972804/;;
81a6f2ebc9b0a29f86c01c13b090c8c4e6860a3a6f08f606724f2fb5054cfa83 ;1;1;2017-03-31 15:08:48;0;56;https://www.virustotal.com/file/81a6f2ebc9b0a29f86c01c13b090c8c4e6860a3a6f08f606724f2fb5054cfa83/analysis/1490972928/;;
5b092ed99f3115e05d1e2e9a70efae28cc248f5deb0cb25b63ae7d37658849bb ;1;1;2017-03-31 15:09:42;0;56;https://www.virustotal.com/file/5b092ed99f3115e05d1e2e9a70efae28cc248f5deb0cb25b63ae7d37658849bb/analysis/1490972982/;;
abd56ca5d504790d0bd1f674b71fe64fc27f06d5819804307b9261ac190be182 ;1;1;2017-03-31 15:10:34;0;56;https://www.virustotal.com/file/abd56ca5d504790d0bd1f674b71fe64fc27f06d5819804307b9261ac190be182/analysis/1490973034/;;
e70157bd1fe803b78b001fb7aff9ef35b119b442cc095d43e5c5d6ac56c03b21 ;1;1;2017-01-16 10:21:53;0;54;https://www.virustotal.com/file/e70157bd1fe803b78b001fb7aff9ef35b119b442cc095d43e5c5d6ac56c03b21/analysis/1484562113/;;
b579454043e16bdf51057711139b15fab73a2c13dca02ef9043d652928f703ac ;1;1;2017-03-31 15:11:58;0;56;https://www.virustotal.com/file/b579454043e16bdf51057711139b15fab73a2c13dca02ef9043d652928f703ac/analysis/1490973118/;;
0b4b19d81af1e8321d4615d040f22cc5d19b1bea2b02da16c9fe1df0dc8df04a ;1;1;2017-03-31 15:14:19;0;56;https://www.virustotal.com/file/0b4b19d81af1e8321d4615d040f22cc5d19b1bea2b02da16c9fe1df0dc8df04a/analysis/1490973259/;;
91e36a9a45d0fdaa2d6de3d16d7aff1ff799c61a4fdcb96373a112e28c931f53 ;1;1;2017-03-31 15:15:42;0;54;https://www.virustotal.com/file/91e36a9a45d0fdaa2d6de3d16d7aff1ff799c61a4fdcb96373a112e28c931f53/analysis/1490973342/;;
851a5f9af1773bf33deb0fa8eb441fd7c67100f817cbc76f01ef554931b4de98;1;1;2017-03-31 15:17:50;0;56;https://www.virustotal.com/file/851a5f9af1773bf33deb0fa8eb441fd7c67100f817cbc76f01ef554931b4de98/analysis/1490973470/;;
0a78b8a02a018e5a5032df59a93e319c32e34b93c98180c6a681a53d7f7def4f ;1;1;2017-03-31 15:21:25;0;55;https://www.virustotal.com/file/0a78b8a02a018e5a5032df59a93e319c32e34b93c98180c6a681a53d7f7def4f/analysis/1490973685/;;
e43b8d2df67d3c477d17a8b9779563fd9dea4360142cc91b0a6f0f8b98719cf9 ;1;1;2017-03-31 15:22:22;0;56;https://www.virustotal.com/file/e43b8d2df67d3c477d17a8b9779563fd9dea4360142cc91b0a6f0f8b98719cf9/analysis/1490973742/;;
6795382af8df74decddbe1267e7ef613e595bb18c57ca083693bf92129daa997 ;1;1;2017-03-31 15:23:50;0;56;https://www.virustotal.com/file/6795382af8df74decddbe1267e7ef613e595bb18c57ca083693bf92129daa997/analysis/1490973830/;;
f3653b5a8d066cffa606524190cb8bf148350acf3bee7a58dd580f5679d74025 ;1;1;2017-01-16 10:27:42;0;54;https://www.virustotal.com/file/f3653b5a8d066cffa606524190cb8bf148350acf3bee7a58dd580f5679d74025/analysis/1484562462/;;
3ef027038acddfa37ac88ac2b40dd5cd7ac3859e76a583336b2167e3f4ae8811 ;1;1;2017-01-16 10:28:04;0;55;https://www.virustotal.com/file/3ef027038acddfa37ac88ac2b40dd5cd7ac3859e76a583336b2167e3f4ae8811/analysis/1484562484/;;
79c93e5b4b61ef2351301379125e30f8617338d79fb29f6f7d838349c7d38d8e ;1;1;2017-03-31 15:26:54;0;54;https://www.virustotal.com/file/79c93e5b4b61ef2351301379125e30f8617338d79fb29f6f7d838349c7d38d8e/analysis/1490974014/;;
d3459aaa70875c743f3aa583070557db75b0cdee865fbaa998f30255a8a3a71b ;1;1;2017-01-16 10:28:30;0;55;https://www.virustotal.com/file/d3459aaa70875c743f3aa583070557db75b0cdee865fbaa998f30255a8a3a71b/analysis/1484562510/;;
77b14d311a5668a6430c375c31828339ecff76df1ff48b1669856dc2d6642502 ;1;1;2017-01-16 10:28:46;0;54;https://www.virustotal.com/file/77b14d311a5668a6430c375c31828339ecff76df1ff48b1669856dc2d6642502/analysis/1484562526/;;
b23f3ae8273f2b416eda4b5409f5c6e9a8f09666648c0bc84f060aeebe6976f4 ;1;1;2017-01-16 10:29:01;0;55;https://www.virustotal.com/file/b23f3ae8273f2b416eda4b5409f5c6e9a8f09666648c0bc84f060aeebe6976f4/analysis/1484562541/;;
0b39e04b6b961e88f4a532c14a04cc1006ed3cd1ade67371a6e4319bb9e5e307 ;1;1;2017-01-16 10:35:03;0;54;https://www.virustotal.com/file/0b39e04b6b961e88f4a532c14a04cc1006ed3cd1ade67371a6e4319bb9e5e307/analysis/1484562903/;;
d3a9f31c539bd477685c76aee637f1b110f14ade40ab57cde4bccebf622db031 ;1;1;2017-01-16 10:35:20;0;55;https://www.virustotal.com/file/d3a9f31c539bd477685c76aee637f1b110f14ade40ab57cde4bccebf622db031/analysis/1484562920/;;
96869677406cd53d91256d6991ca6b62e0227a2844fe2a660e0d278b82d34b64 ;1;1;2017-01-16 10:35:29;0;55;https://www.virustotal.com/file/96869677406cd53d91256d6991ca6b62e0227a2844fe2a660e0d278b82d34b64/analysis/1484562929/;;
d89a649aac0b1a2b89a5be6f20a0a3517912c6cf5bef46d451680f975f9741bf ;1;1;2017-01-16 10:35:41;0;55;https://www.virustotal.com/file/d89a649aac0b1a2b89a5be6f20a0a3517912c6cf5bef46d451680f975f9741bf/analysis/1484562941/;;
910ecc02acecfc14690cb25e2a602d9505486e1db5132b07e07e431f0d8fb9da ;1;1;2017-01-16 10:35:50;0;55;https://www.virustotal.com/file/910ecc02acecfc14690cb25e2a602d9505486e1db5132b07e07e431f0d8fb9da/analysis/1484562950/;;
accc528e9afb8e1b88bed40bcdd4282d5ead91c718b5e0028bdb7fb724f64908 ;1;1;2017-01-16 10:36:06;0;55;https://www.virustotal.com/file/accc528e9afb8e1b88bed40bcdd4282d5ead91c718b5e0028bdb7fb724f64908/analysis/1484562966/;;
1b70732b4f1b72828e97d97fb556bc6b4da084b3d6269d6b2b3ba76dc000ec8a ;1;1;2017-01-16 10:38:49;0;55;https://www.virustotal.com/file/1b70732b4f1b72828e97d97fb556bc6b4da084b3d6269d6b2b3ba76dc000ec8a/analysis/1484563129/;;
0539807c8aad9cd4257c513a76a6c86cc2fe7915ae23b03939a3647e2428d4df ;1;1;2017-01-16 10:39:03;0;55;https://www.virustotal.com/file/0539807c8aad9cd4257c513a76a6c86cc2fe7915ae23b03939a3647e2428d4df/analysis/1484563143/;;
afb10f741e1cce87932636e27b8b6fe4e68cb88527781880c807d3dc281b1c09 ;1;1;2017-03-31 15:35:21;0;56;https://www.virustotal.com/file/afb10f741e1cce87932636e27b8b6fe4e68cb88527781880c807d3dc281b1c09/analysis/1490974521/;;
182edb26b8fcbb3ed6e33fe10ca9f829e5c5e5b98840ab91bc09c812ecda53db ;1;1;2017-03-31 15:36:18;0;54;https://www.virustotal.com/file/182edb26b8fcbb3ed6e33fe10ca9f829e5c5e5b98840ab91bc09c812ecda53db/analysis/1490974578/;;
429a20cd135f92b92f5d19948313cf751333cd287c7dc967a4dcb879a5e3aa51 ;1;1;2017-01-16 10:39:07;0;55;https://www.virustotal.com/file/429a20cd135f92b92f5d19948313cf751333cd287c7dc967a4dcb879a5e3aa51/analysis/1484563147/;;
55dd9137e6f28aefcbc76cd2a1f089872d70bde41988220a4ba56d7348014acb ;1;1;2017-01-16 10:39:19;0;54;https://www.virustotal.com/file/55dd9137e6f28aefcbc76cd2a1f089872d70bde41988220a4ba56d7348014acb/analysis/1484563159/;;
ca2853da56027350a41064c82f5cf46728a0a9823a2c436cb8de3ab71160af6e;1;1;2017-01-16 10:39:31;0;55;https://www.virustotal.com/file/ca2853da56027350a41064c82f5cf46728a0a9823a2c436cb8de3ab71160af6e/analysis/1484563171/;;
ca2853da56027350a41064c82f5cf46728a0a9823a2c436cb8de3ab71160af6e ;1;1;2017-01-16 10:39:31;0;55;https://www.virustotal.com/file/ca2853da56027350a41064c82f5cf46728a0a9823a2c436cb8de3ab71160af6e/analysis/1484563171/;;
cfc5947da52538fb5034701366332733054df096981fc80a466dbb18df9df67d ;1;1;2017-03-31 15:39:40;0;56;https://www.virustotal.com/file/cfc5947da52538fb5034701366332733054df096981fc80a466dbb18df9df67d/analysis/1490974780/;;
466d94a0e8b83bc37d968482ea8149b469136d4202a3809a57cfc8204088f1e1;1;1;2017-03-31 15:40:56;0;55;https://www.virustotal.com/file/466d94a0e8b83bc37d968482ea8149b469136d4202a3809a57cfc8204088f1e1/analysis/1490974856/;;
811d67cac3e7ee9eebb694406da9d4b5feaf019d5971d474765b6dfa95405189 ;1;1;2017-01-16 10:51:49;0;55;https://www.virustotal.com/file/811d67cac3e7ee9eebb694406da9d4b5feaf019d5971d474765b6dfa95405189/analysis/1484563909/;;
f97b915a7f8a8053e00afabcbdb30d59bf563a17a2a712773c92368dd946c208 ;1;1;2017-01-16 10:51:51;0;55;https://www.virustotal.com/file/f97b915a7f8a8053e00afabcbdb30d59bf563a17a2a712773c92368dd946c208/analysis/1484563911/;;
c73dc6d800813aed13ce4a267bf3bbc1ba3d962a810cbbb3d1c4918b26621ad0 ;1;1;2017-03-31 14:23:05;0;56;https://www.virustotal.com/file/c73dc6d800813aed13ce4a267bf3bbc1ba3d962a810cbbb3d1c4918b26621ad0/analysis/1490970185/;;
8663f5f64f0508ddb80b53235b1a522109c626b9d08f76d09ec3de09a9fb8302;1;1;2017-03-31 15:46:06;0;56;https://www.virustotal.com/file/8663f5f64f0508ddb80b53235b1a522109c626b9d08f76d09ec3de09a9fb8302/analysis/1490975166/;;
f2e1c4de5b930837e900887b06d92e6d7fe285aba9b01797f4e5dd7cba766ec2 ;1;1;2017-01-16 10:53:33;0;55;https://www.virustotal.com/file/f2e1c4de5b930837e900887b06d92e6d7fe285aba9b01797f4e5dd7cba766ec2/analysis/1484564013/;;
42b7a516518a8df7b25da919a0f6b317d180a8d770ba4f1db71acb9a9fb89b85 ;1;1;2017-01-16 10:55:51;0;55;https://www.virustotal.com/file/42b7a516518a8df7b25da919a0f6b317d180a8d770ba4f1db71acb9a9fb89b85/analysis/1484564151/;;
795537918bd2d915fa1ff5bd9443e8b3bede04d68ef68de1fa6c94e17d5afca8  ;1;1;2017-01-16 10:56:06;0;55;https://www.virustotal.com/file/795537918bd2d915fa1ff5bd9443e8b3bede04d68ef68de1fa6c94e17d5afca8/analysis/1484564166/;;
ab420247c994a32431b191121f9fb8d40c08d2f861785ff4517ccb71f70224d6 ;1;1;2017-01-16 10:52:05;0;55;https://www.virustotal.com/file/ab420247c994a32431b191121f9fb8d40c08d2f861785ff4517ccb71f70224d6/analysis/1484563925/;;
0409d2e7388480dadeaca47b966ec102b8d780be5b5fedc53d13182ab9f5d6b2 ;1;1;2017-01-16 10:56:26;0;55;https://www.virustotal.com/file/0409d2e7388480dadeaca47b966ec102b8d780be5b5fedc53d13182ab9f5d6b2/analysis/1484564186/;;
da09b960b2f6e755b95f0c97dab11ca0f3b32ad42bab85cb083c204d39dac531 ;1;1;2017-03-31 13:56:52;0;56;https://www.virustotal.com/file/da09b960b2f6e755b95f0c97dab11ca0f3b32ad42bab85cb083c204d39dac531/analysis/1490968612/;;
da09b960b2f6e755b95f0c97dab11ca0f3b32ad42bab85cb083c204d39dac531 ;1;1;2017-03-31 13:56:52;0;56;https://www.virustotal.com/file/da09b960b2f6e755b95f0c97dab11ca0f3b32ad42bab85cb083c204d39dac531/analysis/1490968612/;;
da09b960b2f6e755b95f0c97dab11ca0f3b32ad42bab85cb083c204d39dac531 ;1;1;2017-03-31 13:56:52;0;56;https://www.virustotal.com/file/da09b960b2f6e755b95f0c97dab11ca0f3b32ad42bab85cb083c204d39dac531/analysis/1490968612/;;
971644da3530e58436e71b1b54527e8d5db33abf282306a64f8b66953dda9a59 ;1;1;2017-03-31 15:55:41;0;54;https://www.virustotal.com/file/971644da3530e58436e71b1b54527e8d5db33abf282306a64f8b66953dda9a59/analysis/1490975741/;;
2b38070439fb18955af8ba921bad4d6f55e72fdf94c17a639baf93d2515a00a6 ;1;1;2017-01-16 10:56:19;0;55;https://www.virustotal.com/file/2b38070439fb18955af8ba921bad4d6f55e72fdf94c17a639baf93d2515a00a6/analysis/1484564179/;;
21341f3b173d1cc728d5f9049fc6c6cde826ef815a1df080c14fa93bd0e63412 ;1;1;2017-01-16 10:57:15;0;55;https://www.virustotal.com/file/21341f3b173d1cc728d5f9049fc6c6cde826ef815a1df080c14fa93bd0e63412/analysis/1484564235/;;
fc62a593ac30078a5a53d83c5a0d9769d28c95145dd73e647c398fd386731771 ;1;1;2017-01-16 10:57:21;0;55;https://www.virustotal.com/file/fc62a593ac30078a5a53d83c5a0d9769d28c95145dd73e647c398fd386731771/analysis/1484564241/;;
e7fe822d3200a7ec753c346662fd64fe4d582d0df13665b5c34a7879923f7583 ;1;1;2017-01-16 10:57:58;0;55;https://www.virustotal.com/file/e7fe822d3200a7ec753c346662fd64fe4d582d0df13665b5c34a7879923f7583/analysis/1484564278/;;
4c47dd80736c3a75399fc3ca3fc4bd0f241bdce4215edb236ea996fa6aaf6366 ;1;1;2017-01-16 11:01:26;0;54;https://www.virustotal.com/file/4c47dd80736c3a75399fc3ca3fc4bd0f241bdce4215edb236ea996fa6aaf6366/analysis/1484564486/;;
c5784907f1ac8692adb77437c21b9d3c294fdcc2b97e2a62fe44ccd13ad2b3ba ;1;1;2015-02-08 10:03:08;0;56;https://www.virustotal.com/file/c5784907f1ac8692adb77437c21b9d3c294fdcc2b97e2a62fe44ccd13ad2b3ba/analysis/1423389788/;;
f88d603d2887c783d7c5a9829d587493d5d50c6793fdf433be3f19e0edf1c0cc ;1;1;2017-03-31 16:03:28;0;56;https://www.virustotal.com/file/f88d603d2887c783d7c5a9829d587493d5d50c6793fdf433be3f19e0edf1c0cc/analysis/1490976208/;;
3668cc11c1b299f6786e91fd085ccf4e2c672821d304f8ebe629525ef4ceaa8c ;1;1;2017-03-31 16:04:36;0;56;https://www.virustotal.com/file/3668cc11c1b299f6786e91fd085ccf4e2c672821d304f8ebe629525ef4ceaa8c/analysis/1490976276/;;
e2097e785f80991ed591c28964b17556d4f10d724c54eaa11a5ae66a75a9cf2a ;1;1;2017-03-31 15:33:51;0;56;https://www.virustotal.com/file/e2097e785f80991ed591c28964b17556d4f10d724c54eaa11a5ae66a75a9cf2a/analysis/1490974431/;;
09268a8e35846324f29ed9c4502f4776b70ab14735e1b019c0a5f3de6b5f1510 ;1;1;2017-03-31 16:06:12;0;56;https://www.virustotal.com/file/09268a8e35846324f29ed9c4502f4776b70ab14735e1b019c0a5f3de6b5f1510/analysis/1490976372/;;
da971d03b5fb6e184de43d071a661a82b467dfe0870a77d314d4f94323ae3de7 ;1;1;2017-03-31 15:38:17;0;56;https://www.virustotal.com/file/da971d03b5fb6e184de43d071a661a82b467dfe0870a77d314d4f94323ae3de7/analysis/1490974697/;;
8f2df0c57ba9115f223c0c95bb8a21c2d9b00f4414283a604e08eaf8e47f1087 ;1;1;2017-03-31 16:07:40;0;55;https://www.virustotal.com/file/8f2df0c57ba9115f223c0c95bb8a21c2d9b00f4414283a604e08eaf8e47f1087/analysis/1490976460/;;
51c949ebf8a513fe4a5ccf6d4980674b8240ccce89f197edbbbacdf6a4c08fcd ;1;1;2017-03-31 16:08:10;0;56;https://www.virustotal.com/file/51c949ebf8a513fe4a5ccf6d4980674b8240ccce89f197edbbbacdf6a4c08fcd/analysis/1490976490/;;
15cea6024adc84e4cc08f7ad5f9eef8357636139bfc5083a6e5f69569b517ab7 ;1;1;2017-01-10 17:58:46;0;54;https://www.virustotal.com/file/15cea6024adc84e4cc08f7ad5f9eef8357636139bfc5083a6e5f69569b517ab7/analysis/1484071126/;;
f1b184076c2765b3efe873f2de07790ff154bdfd76cf2e46c8654a101a916a65 ;1;1;2017-03-31 15:42:39;0;56;https://www.virustotal.com/file/f1b184076c2765b3efe873f2de07790ff154bdfd76cf2e46c8654a101a916a65/analysis/1490974959/;;
5781911e7f20d49efd0f74eb3ca4167745deda542b30dbed000c0c2f67075344 ;1;1;2017-03-31 15:52:29;0;56;https://www.virustotal.com/file/5781911e7f20d49efd0f74eb3ca4167745deda542b30dbed000c0c2f67075344/analysis/1490975549/;;
ce63bd8feedfafe05b5ee84cfa91fd3501dd716b3a281d3c8e75ca28b6666dbc ;1;1;2017-03-31 16:10:25;0;57;https://www.virustotal.com/file/ce63bd8feedfafe05b5ee84cfa91fd3501dd716b3a281d3c8e75ca28b6666dbc/analysis/1490976625/;;
9d9d7f8edcae385453d145e40b853a22b1091294880ea42c81eb5771eb3cb373 ;1;1;2017-01-16 11:00:25;0;55;https://www.virustotal.com/file/9d9d7f8edcae385453d145e40b853a22b1091294880ea42c81eb5771eb3cb373/analysis/1484564425/;;
0f9f45b5de1b3e392c92c72fe4217b95183d92bee016087652605086515e93aa ;1;1;2017-01-17 04:18:24;0;54;https://www.virustotal.com/file/0f9f45b5de1b3e392c92c72fe4217b95183d92bee016087652605086515e93aa/analysis/1484626704/;;
7529bf914c22e70bbb62453fdc0274a28e1360a41dce38c43d9cca10e1b42e93 ;1;1;2017-01-17 04:18:31;0;54;https://www.virustotal.com/file/7529bf914c22e70bbb62453fdc0274a28e1360a41dce38c43d9cca10e1b42e93/analysis/1484626711/;;
dae76dcf42077ca624bb85a89acc5570d2cbe521844ddc5a66dd407b48a1f449 ;1;1;2015-01-16 15:42:33;0;57;https://www.virustotal.com/file/dae76dcf42077ca624bb85a89acc5570d2cbe521844ddc5a66dd407b48a1f449/analysis/1421422953/;;
e2097e785f80991ed591c28964b17556d4f10d724c54eaa11a5ae66a75a9cf2a ;1;1;2017-03-31 15:33:51;0;56;https://www.virustotal.com/file/e2097e785f80991ed591c28964b17556d4f10d724c54eaa11a5ae66a75a9cf2a/analysis/1490974431/;;
eb9549085d21a69fed8a8ec5cec0203ea49417176203064dfc4436546faf8f17 ;1;1;2015-01-16 15:42:34;0;57;https://www.virustotal.com/file/eb9549085d21a69fed8a8ec5cec0203ea49417176203064dfc4436546faf8f17/analysis/1421422954/;;
89bd24a9acfa454e10d6465f3416c77b0d8c12508e41da1d17de123bbe0f4d21 ;1;1;2017-01-17 04:18:54;0;54;https://www.virustotal.com/file/89bd24a9acfa454e10d6465f3416c77b0d8c12508e41da1d17de123bbe0f4d21/analysis/1484626734/;;
b1a55cecf309b1de19dfa24df4d91540f33a7bbbc43a1ac96725af8a640eba7e ;1;1;2017-01-17 04:19:37;0;54;https://www.virustotal.com/file/b1a55cecf309b1de19dfa24df4d91540f33a7bbbc43a1ac96725af8a640eba7e/analysis/1484626777/;;
9dc097a2be7921e2151fc6b63652f4859dc703adecfff97531755a8518ee0811 ;1;1;2017-03-31 13:49:55;0;56;https://www.virustotal.com/file/9dc097a2be7921e2151fc6b63652f4859dc703adecfff97531755a8518ee0811/analysis/1490968195/;;
56835c1f90c07099901bd852f8047d7214a4cd38b2b30d1b7ce7f83e480447bc ;1;1;2017-01-17 04:19:59;0;54;https://www.virustotal.com/file/56835c1f90c07099901bd852f8047d7214a4cd38b2b30d1b7ce7f83e480447bc/analysis/1484626799/;;
ffabc2da119627b78cfbb99974ea5070c6fc56a772d8a66d07a14de67f57781b ;1;1;2015-02-08 10:04:24;0;55;https://www.virustotal.com/file/ffabc2da119627b78cfbb99974ea5070c6fc56a772d8a66d07a14de67f57781b/analysis/1423389864/;;
7f6e5f62901ccdbf3b47185e9e8956929f1ed5e4f7edb383a156beb43c309e99;1;1;2017-08-19 01:55:34;1;63;https://www.virustotal.com/file/7f6e5f62901ccdbf3b47185e9e8956929f1ed5e4f7edb383a156beb43c309e99/analysis/1503107734/;VBA32#suspected of Malware-Cryptor.Win32.General#20170818#3.12.26.4;
818c9a805968969964b75275772718e99f78a20a13f9b63e4bf9ffcf76e0b77c;1;1;2017-04-20 13:48:05;0;61;https://www.virustotal.com/file/818c9a805968969964b75275772718e99f78a20a13f9b63e4bf9ffcf76e0b77c/analysis/1492696085/;;
1c209b731ecb4c76bdac01ec789c8c8fce59bb7aa145c4791c8d4a4932bfdf74 ;1;1;2017-08-21 08:16:50;0;64;https://www.virustotal.com/file/1c209b731ecb4c76bdac01ec789c8c8fce59bb7aa145c4791c8d4a4932bfdf74/analysis/1503303410/;;
24f04cef93146d29b8ba9e9d484b7b9c200aeb8e314c589cbde6ae5fb0c319e2;1;1;2017-08-22 01:54:05;1;63;https://www.virustotal.com/file/24f04cef93146d29b8ba9e9d484b7b9c200aeb8e314c589cbde6ae5fb0c319e2/analysis/1503366845/;Baidu#Win32.Trojan.WisdomEyes.16070401.9500.9853#20170817#1.0.0.2;
0bfea1a562a412ea85baa2ebacc6a2cc1d1b84073b24f5aa56f775ddfc69ad35;1;1;2017-08-19 20:26:32;0;64;https://www.virustotal.com/file/0bfea1a562a412ea85baa2ebacc6a2cc1d1b84073b24f5aa56f775ddfc69ad35/analysis/1503174392/;;
26646699fdd6059d86f43096766a4b9db6cb0811d3f58fc594dbba30b1678694 ;1;1;2017-08-22 02:02:02;3;61;https://www.virustotal.com/file/26646699fdd6059d86f43096766a4b9db6cb0811d3f58fc594dbba30b1678694/analysis/1503367322/;CAT-QuickHeal#Trojan.IGENERIC#20170821#14.00,DrWeb#Trojan.PWS.Papras.2682#20170822#7.0.28.2020,VBA32#suspected of Trojan.Downloader.gen.h#20170821#3.12.26.4;
2ddf7a0a416c31783ac15082b660d1b0fc27e0cbecd1728d36485a534856d3e0;1;1;2017-08-20 20:44:52;0;64;https://www.virustotal.com/file/2ddf7a0a416c31783ac15082b660d1b0fc27e0cbecd1728d36485a534856d3e0/analysis/1503261892/;;
3c4648ba8f18a276873f2b157963ff94886a70bca197401509212f068c361a7b;1;1;2017-08-21 09:59:20;0;64;https://www.virustotal.com/file/3c4648ba8f18a276873f2b157963ff94886a70bca197401509212f068c361a7b/analysis/1503309560/;;
084ea84ae09a76189cda863bed2c210519298dab273aba5b74e7f517b6c3b7de;1;1;2017-08-18 01:53:02;0;62;https://www.virustotal.com/file/084ea84ae09a76189cda863bed2c210519298dab273aba5b74e7f517b6c3b7de/analysis/1503021182/;;
3ea93c7df5bdb0857e020bdf667c405f6d3e56641ddc9b0b0b5bed3a69e355f5;1;1;2017-08-21 18:49:32;2;64;https://www.virustotal.com/file/3ea93c7df5bdb0857e020bdf667c405f6d3e56641ddc9b0b0b5bed3a69e355f5/analysis/1503341372/;Bkav#HW32.Packed.4385#20170821#1.3.0.9282,DrWeb#Trojan.PWS.Siggen1.65307#20170821#7.0.28.2020;
1dd05e9b782866ba56df3e8a73b1b7e87d7e21f4c59b15d8faea851e67bb6cfc;1;1;2017-08-07 09:19:51;0;64;https://www.virustotal.com/file/1dd05e9b782866ba56df3e8a73b1b7e87d7e21f4c59b15d8faea851e67bb6cfc/analysis/1502097591/;;
2bb5ff2d4cfe32612a70ff6fdd36c99c8c62de6f2e85c58b1908e2775e4831e2 ;1;1;2017-08-20 06:55:30;1;64;https://www.virustotal.com/file/2bb5ff2d4cfe32612a70ff6fdd36c99c8c62de6f2e85c58b1908e2775e4831e2/analysis/1503212130/;Bkav#HW32.Packed.78F6#20170819#1.3.0.9282;
998a826d6b8eba3978451b8cb6c08180e2c4eeac4b4acfb6c54ab7014de5d448;1;1;2017-08-18 01:48:51;1;62;https://www.virustotal.com/file/998a826d6b8eba3978451b8cb6c08180e2c4eeac4b4acfb6c54ab7014de5d448/analysis/1503020931/;ClamAV#Win.Trojan.Agent-1427035#20170818#0.99.2.0;
e9a0597060e9df936a92d60a62bd34bac8bc227a161b28b7727d33352a1c092b;1;1;2017-07-21 20:25:57;0;63;https://www.virustotal.com/file/e9a0597060e9df936a92d60a62bd34bac8bc227a161b28b7727d33352a1c092b/analysis/1500668757/;;
7aee37182535fb0f9f69d10ffa567a7e1f5c98bacc7e6433d536007a8e44009d ;1;1;2017-08-20 20:42:41;0;64;https://www.virustotal.com/file/7aee37182535fb0f9f69d10ffa567a7e1f5c98bacc7e6433d536007a8e44009d/analysis/1503261761/;;
85b3a95732635980c9f0c522c5c5c46c051206ccdb9891188816c4bedeea4c1c;1;1;2017-08-13 21:08:58;0;64;https://www.virustotal.com/file/85b3a95732635980c9f0c522c5c5c46c051206ccdb9891188816c4bedeea4c1c/analysis/1502658538/;;
27eb95f0443c016da26f56c5b13be0e1629418448767c513db7e8f3373b1e61e;1;1;2017-08-13 21:09:17;0;64;https://www.virustotal.com/file/27eb95f0443c016da26f56c5b13be0e1629418448767c513db7e8f3373b1e61e/analysis/1502658557/;;
3bdf717c54e2b325a4e164320849317242f58ac9a190aaf1cb065b42cae420ed;1;1;2017-08-13 21:09:58;0;64;https://www.virustotal.com/file/3bdf717c54e2b325a4e164320849317242f58ac9a190aaf1cb065b42cae420ed/analysis/1502658598/;;
7c2ae651360077353a2cbc20b2126c1182496a2b0e47ecd1a8d9d84d8847a1ac;1;1;2017-08-09 17:23:34;0;64;https://www.virustotal.com/file/7c2ae651360077353a2cbc20b2126c1182496a2b0e47ecd1a8d9d84d8847a1ac/analysis/1502299414/;;
a12358d698e191ead19ec5340c5fd0c5653f64181dd5c8207320a9c6f3822f60 ;1;1;2017-04-05 01:05:26;0;61;https://www.virustotal.com/file/a12358d698e191ead19ec5340c5fd0c5653f64181dd5c8207320a9c6f3822f60/analysis/1491354326/;;
8bf44e4233659f8299cef35e6ea3b59d9ba0a990c34c0cc47803524f065c733b ;1;1;2017-07-29 14:29:07;0;65;https://www.virustotal.com/file/8bf44e4233659f8299cef35e6ea3b59d9ba0a990c34c0cc47803524f065c733b/analysis/1501338547/;;
384d45d78fe1c75b3392d10025b713c77907517a45e7100eda88d05e1b087efa;1;1;2017-08-22 08:16:16;0;64;https://www.virustotal.com/file/384d45d78fe1c75b3392d10025b713c77907517a45e7100eda88d05e1b087efa/analysis/1503389776/;;
6b02d1305936151043755bc23a178ffc0f25fcc00b63abe3eb399e9511827f81;1;1;2017-04-27 18:14:21;0;61;https://www.virustotal.com/file/6b02d1305936151043755bc23a178ffc0f25fcc00b63abe3eb399e9511827f81/analysis/1493316861/;;
4ee41489d15c07c193e793f9fb62b3a11cd487215659834d0be52b717e3c2c61;1;1;2017-08-09 21:03:02;0;64;https://www.virustotal.com/file/4ee41489d15c07c193e793f9fb62b3a11cd487215659834d0be52b717e3c2c61/analysis/1502312582/;;
555176f09da7a580c327b91723ce495ca39250bb80e22f519e6e18cd09f08a7d;1;1;2017-08-13 13:25:53;4;64;https://www.virustotal.com/file/555176f09da7a580c327b91723ce495ca39250bb80e22f519e6e18cd09f08a7d/analysis/1502630753/;Antiy-AVL#Trojan/Generic.ASVCS3S.42C#20170813#3.0.0.1,Baidu#Win32.Trojan.WisdomEyes.16070401.9500.9842#20170811#1.0.0.2,Rising#Malware.Heuristic!ET#88% (cloud:z6s4Zm0MLmC)#20170813#25.0.0.1,TrendMicro-HouseCall#Suspicious_GEN.F47V0605#20170813#9.950.0.1006;
b9479a0e6803a7d415b99d9b4cb0737ed35726e8b7a49ec48eb5b595fafddedb;1;1;2017-08-16 08:32:30;0;63;https://www.virustotal.com/file/b9479a0e6803a7d415b99d9b4cb0737ed35726e8b7a49ec48eb5b595fafddedb/analysis/1502872350/;;
7357e786c047e96f887d669540e53fe3e96ac3c638eae10641d4cbc22d66d1f1;1;1;2017-06-20 23:20:24;0;61;https://www.virustotal.com/file/7357e786c047e96f887d669540e53fe3e96ac3c638eae10641d4cbc22d66d1f1/analysis/1498000824/;;
91da25a19cde4f3eeb591e92adeedd34a4eba6761028439d24805a305c428a05;1;1;2017-03-17 19:14:50;0;61;https://www.virustotal.com/file/91da25a19cde4f3eeb591e92adeedd34a4eba6761028439d24805a305c428a05/analysis/1489778090/;;
e4ba8774ba726c84206fd5e0b09874fc6a027c878ce3d0d25310eb11d034a92f;1;1;2017-08-20 06:55:54;1;64;https://www.virustotal.com/file/e4ba8774ba726c84206fd5e0b09874fc6a027c878ce3d0d25310eb11d034a92f/analysis/1503212154/;Bkav#HW32.Packed.8877#20170819#1.3.0.9282;
8ccb5cd4995cfdf92365f8a8429da4b7210e76cf474814e07ec54d9c10834a61;1;1;2017-08-02 20:48:29;0;65;https://www.virustotal.com/file/8ccb5cd4995cfdf92365f8a8429da4b7210e76cf474814e07ec54d9c10834a61/analysis/1501706909/;;
9fc2b57fc391b1335e985873e710fa13166210746dd9043558b54fa58ad9df50;1;1;2017-08-10 02:03:06;0;65;https://www.virustotal.com/file/9fc2b57fc391b1335e985873e710fa13166210746dd9043558b54fa58ad9df50/analysis/1502330586/;;
1f0fdc96d8cf75ea5000b420c46876a1a6344111570fe7c0331fd36167cb2fbb;1;1;2017-08-13 21:11:58;0;64;https://www.virustotal.com/file/1f0fdc96d8cf75ea5000b420c46876a1a6344111570fe7c0331fd36167cb2fbb/analysis/1502658718/;;
65106834ef18501331d2a1020007d8e01494dd7cf4c787196befab04242cef9f;1;1;2017-02-01 13:01:49;0;54;https://www.virustotal.com/file/65106834ef18501331d2a1020007d8e01494dd7cf4c787196befab04242cef9f/analysis/1485954109/;;
90e3fe97bb6705ca10d10b7260719279626c431e653bb3420f9de9828f2124a1;1;1;2017-08-16 01:43:53;0;64;https://www.virustotal.com/file/90e3fe97bb6705ca10d10b7260719279626c431e653bb3420f9de9828f2124a1/analysis/1502847833/;;
9fe1d946c3dbcfa6030f2d1581ccc0643345705f5a9e327313e95343c2b48221 ;1;1;2017-08-01 15:14:32;3;64;https://www.virustotal.com/file/9fe1d946c3dbcfa6030f2d1581ccc0643345705f5a9e327313e95343c2b48221/analysis/1501600472/;Baidu#Win32.Trojan.WisdomEyes.16070401.9500.9874#20170728#1.0.0.2,Invincea#heuristic#20170607#6.3.0.25415,Rising#Malware.Heuristic!ET#94% (cloud:mq9HD6FVzrG)#20170801#25.0.0.1;
c449398aec9ae1b7575dc7822a99e3cf08897550075661d8d74ecf61a9eccfb5;1;1;2017-08-13 21:12:29;0;64;https://www.virustotal.com/file/c449398aec9ae1b7575dc7822a99e3cf08897550075661d8d74ecf61a9eccfb5/analysis/1502658749/;;
6b6867040c45a9a1d02ee1fc66c8b5ae2ef5cc8cfae70ac5e11dd1ce1092ff95;1;1;2017-08-18 01:51:42;2;63;https://www.virustotal.com/file/6b6867040c45a9a1d02ee1fc66c8b5ae2ef5cc8cfae70ac5e11dd1ce1092ff95/analysis/1503021102/;Antiy-AVL#GrayWare/Win32.StartPage.gen#20170818#3.0.0.1,Baidu#Win32.Trojan.WisdomEyes.16070401.9500.9961#20170817#1.0.0.2;
2906ca53ec3ae9110d8b024d63b8d6e66e28b0f25641a2642d08b615a2fa89da;1;1;2017-08-13 21:12:50;0;64;https://www.virustotal.com/file/2906ca53ec3ae9110d8b024d63b8d6e66e28b0f25641a2642d08b615a2fa89da/analysis/1502658770/;;
2906ca53ec3ae9110d8b024d63b8d6e66e28b0f25641a2642d08b615a2fa89da;1;1;2017-08-13 21:12:50;0;64;https://www.virustotal.com/file/2906ca53ec3ae9110d8b024d63b8d6e66e28b0f25641a2642d08b615a2fa89da/analysis/1502658770/;;
39cd0d47945bae7467bd6826fe2be22c45045e071a851a0c58c3975f42527410;1;1;2017-07-22 04:35:57;0;63;https://www.virustotal.com/file/39cd0d47945bae7467bd6826fe2be22c45045e071a851a0c58c3975f42527410/analysis/1500698157/;;
b36ab0c62f6bd1c124a67c00ecb392359517d1558136b72ab6fca034ce93712f   ;1;1;2017-06-27 14:56:02;0;61;https://www.virustotal.com/file/b36ab0c62f6bd1c124a67c00ecb392359517d1558136b72ab6fca034ce93712f/analysis/1498575362/;;
